{"v":"5.5.9","fr":25,"ip":0,"op":75,"w":512,"h":512,"nm":"PlayMarket","ddd":0,"assets":[{"id":"comp_0","layers":[{"ddd":0,"ind":1,"ty":4,"nm":"PlayMarket_icon","sr":1,"ks":{"o":{"a":0,"k":100,"ix":11},"r":{"a":1,"k":[{"i":{"x":[0.244],"y":[1]},"o":{"x":[0.402],"y":[0]},"t":0,"s":[240]},{"t":23.7138671875,"s":[0]}],"ix":10},"p":{"a":1,"k":[{"i":{"x":0.229,"y":1},"o":{"x":0.333,"y":0},"t":27.429,"s":[500,500,0],"to":[10.667,0,0],"ti":[-10.667,0,0]},{"t":40,"s":[564,500,0]}],"ix":2},"a":{"a":0,"k":[412,0,0],"ix":1},"s":{"a":1,"k":[{"i":{"x":[0,0,0.667],"y":[1,1,1]},"o":{"x":[0.553,0.553,0.333],"y":[0,0,0]},"t":20,"s":[100,100,100]},{"i":{"x":[0.667,0.667,0.667],"y":[1,1,1]},"o":{"x":[1,1,0.333],"y":[0,0,0]},"t":24.643,"s":[50,50,100]},{"t":30,"s":[100,100,100]}],"ix":6}},"ao":0,"hasMask":true,"masksProperties":[{"inv":false,"mode":"a","pt":{"a":1,"k":[{"i":{"x":0.24,"y":1},"o":{"x":0.333,"y":0},"t":27,"s":[{"i":[[40.653,0],[0,-40.653],[-40.653,0],[0,40.653]],"o":[[-40.653,0],[0,40.653],[40.653,0],[0,-40.653]],"v":[[413.235,-73.61],[339.626,0],[413.235,73.61],[486.845,0]],"c":true}]},{"t":44,"s":[{"i":[[349.044,0],[0,-349.044],[-349.044,0],[0,349.044]],"o":[[-349.044,0],[0,349.044],[349.044,0],[0,-349.044]],"v":[[413.235,-632],[-218.765,0],[413.235,632],[1045.235,0]],"c":true}]}],"ix":1},"o":{"a":0,"k":100,"ix":3},"x":{"a":0,"k":0,"ix":4},"nm":"Mask 1"},{"inv":false,"mode":"s","pt":{"a":1,"k":[{"i":{"x":0.833,"y":0.833},"o":{"x":0.167,"y":0.167},"t":0,"s":[{"i":[[0,0],[0,0],[0,0],[67.354,-68.256],[-28.602,-28.225],[-69.279,70.206]],"o":[[0,0],[0,0],[0,0],[-67.354,68.256],[28.602,28.225],[69.279,-70.206]],"v":[[489.13,-73.495],[418.889,-2.314],[490.532,-74.871],[342.871,-71.554],[337.106,81.214],[498.863,79.17]],"c":true}]},{"i":{"x":0.833,"y":0.833},"o":{"x":0.167,"y":0.167},"t":3,"s":[{"i":[[0,0],[0,0],[0,0],[1.295,-1.288],[-28.327,-28.501],[-69.957,69.53]],"o":[[0,0],[0,0],[0,0],[-68.014,67.599],[28.327,28.501],[69.957,-69.53]],"v":[[490.571,-74.927],[419.642,-4.431],[344.301,-74.729],[344.3,-74.406],[337.052,78.299],[498.822,77.825]],"c":true}]},{"i":{"x":0.833,"y":0.833},"o":{"x":0.167,"y":0.167},"t":8,"s":[{"i":[[0,0],[0,0],[0,0],[-1.264,-1.319],[-1.22,-1.202],[-71.214,68.243]],"o":[[0,0],[0,0],[0,0],[0.233,0.409],[28.232,27.811],[71.214,-68.243]],"v":[[486.537,-69.241],[414.335,-0.051],[330.016,80.751],[330.009,81.073],[330.249,81.159],[492.001,83.636]],"c":true}]},{"i":{"x":0.833,"y":0.833},"o":{"x":0.167,"y":0.167},"t":13,"s":[{"i":[[0,0],[0,0],[0,0],[-1.27,-1.313],[-1.709,0.103],[-0.328,0.317]],"o":[[0,0],[0,0],[0,0],[0.235,0.408],[1.05,-0.063],[70.891,-68.577]],"v":[[485.266,-68.844],[413.39,0.686],[491.37,83.925],[491.365,84.248],[491.605,84.332],[491.449,84.007]],"c":true}]},{"i":{"x":0.833,"y":0.833},"o":{"x":0.167,"y":0.167},"t":18,"s":[{"i":[[0,0],[0,0],[0,0],[-1.269,-1.314],[-1.709,0.102],[0.235,0.391]],"o":[[0,0],[0,0],[0,0],[0.235,0.408],[1.05,-0.062],[-0.784,-1.306]],"v":[[484.718,-68.325],[412.771,1.132],[484.8,-68.404],[484.794,-68.081],[485.035,-67.996],[484.879,-68.322]],"c":true}]},{"t":19,"s":[{"i":[[0,0],[0,0],[0,0],[-1.826,0],[-1.114,1.3],[0.445,0.103]],"o":[[0,0],[0,0],[0,0],[0.457,0.114],[0.685,-0.799],[-1.484,-0.342]],"v":[[1272,-100.459],[1272,-0.457],[1272,-100.574],[1272.229,-100.345],[1272.457,-100.459],[1272.114,-100.574]],"c":true}]}],"ix":1},"o":{"a":0,"k":100,"ix":3},"x":{"a":0,"k":0,"ix":4},"nm":"Mask 2"}],"shapes":[{"ty":"gr","it":[{"ty":"gr","it":[{"ty":"gr","it":[{"ind":0,"ty":"sh","ix":1,"ks":{"a":0,"k":{"i":[[0,0],[12.688,-2.125],[0,0],[0,0]],"o":[[0,0],[0.313,0.375],[0,0],[0,0]],"v":[[-313.188,-389.188],[-337.813,-394.25],[62.5,0.5],[174.25,-108.688]],"c":true},"ix":2},"nm":"Path 1","mn":"ADBE Vector Shape - Group","hd":false},{"ty":"tr","p":{"a":0,"k":[0,0],"ix":2},"a":{"a":0,"k":[0,0],"ix":1},"s":{"a":0,"k":[100,100],"ix":3},"r":{"a":0,"k":0,"ix":6},"o":{"a":0,"k":100,"ix":7},"sk":{"a":0,"k":0,"ix":4},"sa":{"a":0,"k":0,"ix":5},"nm":"Transform"}],"nm":"Path 1","np":1,"cix":2,"bm":0,"ix":1,"mn":"ADBE Vector Group","hd":false},{"ty":"gf","o":{"a":0,"k":100,"ix":10},"r":1,"bm":0,"g":{"p":3,"k":{"a":0,"k":[0.002,0,0.941,0.463,0.499,0.111,0.792,0.448,0.995,0.222,0.643,0.434],"ix":9}},"s":{"a":0,"k":[-122,-237],"ix":5},"e":{"a":0,"k":[-305,-375],"ix":6},"t":1,"nm":"Gradient Fill 1","mn":"ADBE Vector Graphic - G-Fill","hd":false},{"ty":"tr","p":{"a":0,"k":[351,0],"ix":2},"a":{"a":0,"k":[0,0],"ix":1},"s":{"a":0,"k":[100,100],"ix":3},"r":{"a":0,"k":0,"ix":6},"o":{"a":0,"k":100,"ix":7},"sk":{"a":0,"k":0,"ix":4},"sa":{"a":0,"k":0,"ix":5},"nm":"Transform"}],"nm":"Main 4","np":2,"cix":2,"bm":0,"ix":1,"mn":"ADBE Vector Group","hd":false},{"ty":"gr","it":[{"ty":"gr","it":[{"ind":0,"ty":"sh","ix":1,"ks":{"a":0,"k":{"i":[[4,2.125],[0,0],[0,0],[0,0]],"o":[[-10.875,-5.625],[0,0],[0,0],[0,0]],"v":[[-326.5,-396.125],[-344.25,-394.125],[62.5,0.5],[174.25,-108.688]],"c":true},"ix":2},"nm":"Path 1","mn":"ADBE Vector Shape - Group","hd":false},{"ty":"tr","p":{"a":0,"k":[0,0],"ix":2},"a":{"a":0,"k":[0,0],"ix":1},"s":{"a":0,"k":[100,-100],"ix":3},"r":{"a":0,"k":0,"ix":6},"o":{"a":0,"k":100,"ix":7},"sk":{"a":0,"k":0,"ix":4},"sa":{"a":0,"k":0,"ix":5},"nm":"Transform"}],"nm":"Path 1","np":1,"cix":2,"bm":0,"ix":1,"mn":"ADBE Vector Group","hd":false},{"ty":"gf","o":{"a":0,"k":100,"ix":10},"r":1,"bm":0,"g":{"p":3,"k":{"a":0,"k":[0.002,0.878,0.145,0.329,0.5,0.935,0.184,0.3,0.997,0.992,0.224,0.271],"ix":9}},"s":{"a":0,"k":[-116,325],"ix":5},"e":{"a":0,"k":[-55,111],"ix":6},"t":1,"nm":"Gradient Fill 1","mn":"ADBE Vector Graphic - G-Fill","hd":false},{"ty":"tr","p":{"a":0,"k":[351.5,0],"ix":2},"a":{"a":0,"k":[0,0],"ix":1},"s":{"a":0,"k":[100,100],"ix":3},"r":{"a":0,"k":0,"ix":6},"o":{"a":0,"k":100,"ix":7},"sk":{"a":0,"k":0,"ix":4},"sa":{"a":0,"k":0,"ix":5},"nm":"Transform"}],"nm":"Main 3","np":2,"cix":2,"bm":0,"ix":2,"mn":"ADBE Vector Group","hd":false},{"ty":"gr","it":[{"ind":0,"ty":"sh","ix":1,"ks":{"a":0,"k":{"i":[[0,0],[0,0],[0,0],[0,0],[-0.188,10],[0,0]],"o":[[0,0],[0,0],[0,0],[0,0],[0.188,-10],[0,0]],"v":[[174.285,-108.776],[60.938,1.999],[170.052,110.011],[336.313,14.25],[346.25,0.25],[338.875,-14]],"c":true},"ix":2},"nm":"Path 1","mn":"ADBE Vector Shape - Group","hd":false},{"ty":"gf","o":{"a":0,"k":100,"ix":10},"r":1,"bm":0,"g":{"p":3,"k":{"a":0,"k":[0.002,1,0.812,0,0.5,1,0.735,0,0.997,1,0.659,0],"ix":9}},"s":{"a":0,"k":[242,-6],"ix":5},"e":{"a":0,"k":[48,-3],"ix":6},"t":1,"nm":"Gradient Fill 1","mn":"ADBE Vector Graphic - G-Fill","hd":false},{"ty":"tr","p":{"a":0,"k":[351,0],"ix":2},"a":{"a":0,"k":[0,0],"ix":1},"s":{"a":0,"k":[100,100],"ix":3},"r":{"a":0,"k":0,"ix":6},"o":{"a":0,"k":100,"ix":7},"sk":{"a":0,"k":0,"ix":4},"sa":{"a":0,"k":0,"ix":5},"nm":"Transform"}],"nm":"Main 2","np":2,"cix":2,"bm":0,"ix":3,"mn":"ADBE Vector Group","hd":false},{"ty":"gr","it":[{"ind":0,"ty":"sh","ix":1,"ks":{"a":0,"k":{"i":[[11.625,0],[0,0],[0,0],[-4.625,-4.625],[0,0],[0,0],[0,10],[0,0],[0,0]],"o":[[-13.625,0],[0,0],[0,0],[7.5,8],[0,0],[0,0],[0,-10],[0,0],[0,0]],"v":[[-334,-394.75],[-348,-378.5],[-348,378],[-344,394],[-326.25,396.25],[336.25,14.25],[346.25,0.25],[339,-14],[-313.125,-389.125]],"c":true},"ix":2},"nm":"Path 1","mn":"ADBE Vector Shape - Group","hd":false},{"ty":"gf","o":{"a":0,"k":100,"ix":10},"r":1,"bm":0,"g":{"p":3,"k":{"a":0,"k":[0.002,0,0.863,1,0.5,0.002,0.703,1,0.997,0.004,0.543,1],"ix":9}},"s":{"a":0,"k":[-145,0],"ix":5},"e":{"a":0,"k":[59,-305],"ix":6},"t":1,"nm":"Gradient Fill 1","mn":"ADBE Vector Graphic - G-Fill","hd":false},{"ty":"tr","p":{"a":1,"k":[{"i":{"x":0,"y":1},"o":{"x":0.333,"y":0},"t":-25,"s":[-710,0],"to":[118.333,0],"ti":[-118.333,0]},{"t":0,"s":[0,0]}],"ix":2},"a":{"a":0,"k":[-351,0],"ix":1},"s":{"a":0,"k":[100,100],"ix":3},"r":{"a":0,"k":0,"ix":6},"o":{"a":0,"k":100,"ix":7},"sk":{"a":0,"k":0,"ix":4},"sa":{"a":0,"k":0,"ix":5},"nm":"Transform"}],"nm":"Main 1","np":2,"cix":2,"bm":0,"ix":4,"mn":"ADBE Vector Group","hd":false},{"ty":"tr","p":{"a":0,"k":[49.5,4],"ix":2},"a":{"a":0,"k":[49.5,4],"ix":1},"s":{"a":0,"k":[100,100],"ix":3},"r":{"a":0,"k":0,"ix":6},"o":{"a":0,"k":100,"ix":7},"sk":{"a":0,"k":0,"ix":4},"sa":{"a":0,"k":0,"ix":5},"nm":"Transform"}],"nm":"V3","np":4,"cix":2,"bm":0,"ix":1,"mn":"ADBE Vector Group","hd":false}],"ip":0,"op":250,"st":0,"bm":0}]}],"layers":[{"ddd":0,"ind":1,"ty":0,"nm":"PlayMarket","parent":2,"refId":"comp_0","sr":1,"ks":{"o":{"a":0,"k":100,"ix":11},"r":{"a":0,"k":0,"ix":10},"p":{"a":0,"k":[0,0,0],"ix":2},"a":{"a":0,"k":[500,500,0],"ix":1},"s":{"a":0,"k":[125,125,100],"ix":6}},"ao":0,"w":1000,"h":1000,"ip":7,"op":250,"st":7,"bm":0},{"ddd":0,"ind":2,"ty":4,"nm":"Plane","sr":1,"ks":{"o":{"a":0,"k":100,"ix":11},"r":{"a":0,"k":0,"ix":10},"p":{"a":0,"k":[256,256,0],"ix":2},"a":{"a":0,"k":[0,0,0],"ix":1},"s":{"a":0,"k":[25,25,100],"ix":6}},"ao":0,"shapes":[{"ty":"gr","it":[{"ty":"rc","d":1,"s":{"a":1,"k":[{"i":{"x":[0.228,0.228],"y":[1,1]},"o":{"x":[0.333,0.333],"y":[0,0]},"t":0,"s":[0,0]},{"i":{"x":[0.667,0.667],"y":[1,1]},"o":{"x":[0.333,0.333],"y":[0,0]},"t":13,"s":[1576,1576]},{"t":25,"s":[1500,1500]}],"ix":2},"p":{"a":0,"k":[0,0],"ix":3},"r":{"a":0,"k":200,"ix":4},"nm":"Rectangle Path 1","mn":"ADBE Vector Shape - Rect","hd":false},{"ty":"fl","c":{"a":0,"k":[1,1,1,1],"ix":4},"o":{"a":0,"k":100,"ix":5},"r":1,"bm":0,"nm":"Fill 1","mn":"ADBE Vector Graphic - Fill","hd":false},{"ty":"tr","p":{"a":0,"k":[0,0],"ix":2},"a":{"a":0,"k":[0,0],"ix":1},"s":{"a":0,"k":[100,100],"ix":3},"r":{"a":0,"k":0,"ix":6},"o":{"a":0,"k":100,"ix":7},"sk":{"a":0,"k":0,"ix":4},"sa":{"a":0,"k":0,"ix":5},"nm":"Transform"}],"nm":"Rectangle 1","np":2,"cix":2,"bm":0,"ix":1,"mn":"ADBE Vector Group","hd":false}],"ip":0,"op":75,"st":0,"bm":0}],"markers":[]}