{"v":"5.5.9","fr":25,"ip":0,"op":75,"w":512,"h":512,"nm":"Twitter","ddd":0,"assets":[{"id":"comp_0","layers":[{"ddd":0,"ind":1,"ty":3,"nm":"anim_controller_1","sr":1,"ks":{"o":{"a":0,"k":0,"ix":11},"r":{"a":1,"k":[{"i":{"x":[0.15],"y":[1]},"o":{"x":[0.333],"y":[0]},"t":-6,"s":[180]},{"t":21,"s":[0]}],"ix":10},"p":{"a":0,"k":[500,500,0],"ix":2},"a":{"a":0,"k":[0,0,0],"ix":1},"s":{"a":0,"k":[95,95,100],"ix":6}},"ao":0,"ip":-6,"op":244,"st":-6,"bm":0},{"ddd":0,"ind":2,"ty":4,"nm":"Twitter_icon","parent":1,"sr":1,"ks":{"o":{"a":0,"k":100,"ix":11},"r":{"a":1,"k":[{"i":{"x":[0.05],"y":[1]},"o":{"x":[0.333],"y":[0]},"t":0,"s":[105]},{"t":26,"s":[0]}],"ix":10},"p":{"a":0,"k":[-382.601,243.632,0],"ix":2},"a":{"a":0,"k":[-189,123,0],"ix":1},"s":{"a":1,"k":[{"i":{"x":[0.05,0.05,0.05],"y":[1,1,1]},"o":{"x":[0.333,0.333,0.333],"y":[0,0,0]},"t":0,"s":[0,0,100]},{"t":26,"s":[200,200,100]}],"ix":6}},"ao":0,"shapes":[{"ty":"gr","it":[{"ind":0,"ty":"sh","ix":1,"ks":{"a":0,"k":{"i":[[0,0],[22.25,-3.25],[0,0],[-6,-12.5],[-23,17.75],[0,0],[-8.058,6.774]],"o":[[0,0],[-22.25,3.25],[0,0],[6,12.5],[23,-17.75],[0,0],[28.25,-23.75]],"v":[[183.5,-147.5],[135.25,-127.5],[109.75,-117],[102.5,-90],[159.75,-77],[193.25,-114.25],[154.5,-104.25]],"c":true},"ix":2},"nm":"Path 1","mn":"ADBE Vector Shape - Group","hd":false},{"ty":"fl","c":{"a":0,"k":[1,1,1,1],"ix":4},"o":{"a":0,"k":100,"ix":5},"r":1,"bm":0,"nm":"Fill 1","mn":"ADBE Vector Graphic - Fill","hd":false},{"ty":"tr","p":{"a":0,"k":[114,-94],"ix":2},"a":{"a":0,"k":[114,-94],"ix":1},"s":{"a":1,"k":[{"i":{"x":[0,0],"y":[1,1]},"o":{"x":[0.333,0.333],"y":[0,0]},"t":5,"s":[100,100]},{"t":24,"s":[100,100]}],"ix":3},"r":{"a":1,"k":[{"i":{"x":[0],"y":[1]},"o":{"x":[0.333],"y":[0]},"t":5,"s":[102]},{"t":24,"s":[0]}],"ix":6},"o":{"a":0,"k":100,"ix":7},"sk":{"a":0,"k":0,"ix":4},"sa":{"a":0,"k":0,"ix":5},"nm":"Transform"}],"nm":"beak","np":2,"cix":2,"bm":0,"ix":1,"mn":"ADBE Vector Group","hd":false},{"ty":"gr","it":[{"ind":0,"ty":"sh","ix":1,"ks":{"a":0,"k":{"i":[[67.5,-10.5],[0,0],[51,-39],[0,0],[-54.5,0],[-26,40],[-0.824,10.993]],"o":[[-89.67,13.949],[0,0],[-51,39],[0,0],[102,0],[34.801,-55.816],[9.551,-49.382]],"v":[[71,-156.5],[-4,-58],[-78,91],[-191.5,123.5],[-77,159],[117,59],[157,-39.934]],"c":true},"ix":2},"nm":"Path 1","mn":"ADBE Vector Shape - Group","hd":false},{"ty":"fl","c":{"a":0,"k":[1,1,1,1],"ix":4},"o":{"a":0,"k":100,"ix":5},"r":1,"bm":0,"nm":"Fill 1","mn":"ADBE Vector Graphic - Fill","hd":false},{"ty":"tr","p":{"a":0,"k":[-191.625,123.375],"ix":2},"a":{"a":0,"k":[-191.625,123.375],"ix":1},"s":{"a":0,"k":[100,100],"ix":3},"r":{"a":0,"k":0,"ix":6},"o":{"a":0,"k":100,"ix":7},"sk":{"a":0,"k":0,"ix":4},"sa":{"a":0,"k":0,"ix":5},"nm":"Transform"}],"nm":"body&head","np":2,"cix":2,"bm":0,"ix":2,"mn":"ADBE Vector Group","hd":false},{"ty":"gr","it":[{"ty":"gr","it":[{"ind":0,"ty":"sh","ix":1,"ks":{"a":0,"k":{"i":[[0,0],[-1,-2.5],[0,0],[-3.801,1.316],[50.801,-7.816]],"o":[[0,0],[22.256,55.641],[0,0],[41.801,-4.316],[-35.699,9.184]],"v":[[-106,34],[-149,38],[-80,90.5],[8.5,85],[-2.5,22.5]],"c":true},"ix":2},"nm":"Path 1","mn":"ADBE Vector Shape - Group","hd":false},{"ty":"fl","c":{"a":0,"k":[1,1,1,1],"ix":4},"o":{"a":0,"k":100,"ix":5},"r":1,"bm":0,"nm":"Fill 1","mn":"ADBE Vector Graphic - Fill","hd":false},{"ty":"tr","p":{"a":0,"k":[-3.5,54.5],"ix":2},"a":{"a":0,"k":[-3.5,54.5],"ix":1},"s":{"a":0,"k":[100,100],"ix":3},"r":{"a":0,"k":0,"ix":6},"o":{"a":0,"k":100,"ix":7},"sk":{"a":0,"k":0,"ix":4},"sa":{"a":0,"k":0,"ix":5},"nm":"Transform"}],"nm":"Wing_03","np":2,"cix":2,"bm":0,"ix":1,"mn":"ADBE Vector Group","hd":false},{"ty":"gr","it":[{"ind":0,"ty":"sh","ix":1,"ks":{"a":0,"k":{"i":[[0,-3.5],[0,0],[-17.7,2.184],[54.269,-2.879]],"o":[[0,71.5],[0,0],[44.269,3.121],[-111.731,6.871]],"v":[[-176.969,-40.938],[-105.969,34.562],[9.531,44.563],[13.531,-17.437]],"c":true},"ix":2},"nm":"Path 1","mn":"ADBE Vector Shape - Group","hd":false},{"ty":"fl","c":{"a":0,"k":[1,1,1,1],"ix":4},"o":{"a":0,"k":100,"ix":5},"r":1,"bm":0,"nm":"Fill 1","mn":"ADBE Vector Graphic - Fill","hd":false},{"ty":"tr","p":{"a":0,"k":[10.5,13.5],"ix":2},"a":{"a":0,"k":[10.5,13.5],"ix":1},"s":{"a":0,"k":[100,100],"ix":3},"r":{"a":0,"k":0,"ix":6},"o":{"a":0,"k":100,"ix":7},"sk":{"a":0,"k":0,"ix":4},"sa":{"a":0,"k":0,"ix":5},"nm":"Transform"}],"nm":"Wing_02","np":2,"cix":2,"bm":0,"ix":2,"mn":"ADBE Vector Group","hd":false},{"ty":"gr","it":[{"ind":0,"ty":"sh","ix":1,"ks":{"a":0,"k":{"i":[[48.801,44.184],[0,0],[-46.919,0],[54.301,-1.816]],"o":[[-35.945,79.328],[0,0],[88.301,19.684],[-76.7,-0.816]],"v":[[-168,-138],[-135,-30.5],[-5,4],[27.5,-56]],"c":true},"ix":2},"nm":"Path 1","mn":"ADBE Vector Shape - Group","hd":false},{"ty":"fl","c":{"a":0,"k":[1,1,1,1],"ix":4},"o":{"a":0,"k":100,"ix":5},"r":1,"bm":0,"nm":"Fill 1","mn":"ADBE Vector Graphic - Fill","hd":false},{"ty":"tr","p":{"a":0,"k":[13.5,-28],"ix":2},"a":{"a":0,"k":[13.5,-28],"ix":1},"s":{"a":0,"k":[100,100],"ix":3},"r":{"a":0,"k":0,"ix":6},"o":{"a":0,"k":100,"ix":7},"sk":{"a":0,"k":0,"ix":4},"sa":{"a":0,"k":0,"ix":5},"nm":"Transform"}],"nm":"Wing_01","np":2,"cix":2,"bm":0,"ix":3,"mn":"ADBE Vector Group","hd":false},{"ty":"tr","p":{"a":1,"k":[{"i":{"x":0,"y":1},"o":{"x":0.333,"y":0},"t":6,"s":[24.491,6.766],"to":[-2,1.667],"ti":[-1,-5.5]},{"i":{"x":0,"y":1},"o":{"x":1,"y":0},"t":9.146,"s":[12.491,16.766],"to":[1,5.5],"ti":[0,0]},{"i":{"x":0,"y":1},"o":{"x":1,"y":0},"t":13.409,"s":[30.491,39.766],"to":[0,0],"ti":[0,0]},{"i":{"x":0,"y":1},"o":{"x":1,"y":0},"t":17.939,"s":[12.491,16.766],"to":[0,0],"ti":[0,0]},{"i":{"x":0,"y":1},"o":{"x":1,"y":0},"t":22.47,"s":[30.491,39.766],"to":[0,0],"ti":[3,3.833]},{"t":27,"s":[12.491,16.766]}],"ix":2},"a":{"a":0,"k":[12.491,16.766],"ix":1},"s":{"a":1,"k":[{"i":{"x":[0,0],"y":[1,1]},"o":{"x":[0.333,0.333],"y":[0,0]},"t":6,"s":[65,65]},{"i":{"x":[0,0],"y":[1,1]},"o":{"x":[1,1],"y":[0,0]},"t":9.146,"s":[100,100]},{"i":{"x":[0,0],"y":[1,1]},"o":{"x":[1,1],"y":[0,0]},"t":13.409,"s":[-100,100]},{"i":{"x":[0,0],"y":[1,1]},"o":{"x":[1,1],"y":[0,0]},"t":17.939,"s":[100,100]},{"i":{"x":[0,0],"y":[1,1]},"o":{"x":[1,1],"y":[0,0]},"t":22.47,"s":[-100,100]},{"t":27,"s":[100,100]}],"ix":3},"r":{"a":1,"k":[{"i":{"x":[0],"y":[1]},"o":{"x":[0.333],"y":[0]},"t":6,"s":[-72]},{"i":{"x":[0],"y":[1]},"o":{"x":[1],"y":[0]},"t":9.146,"s":[0]},{"i":{"x":[0],"y":[1]},"o":{"x":[1],"y":[0]},"t":13.409,"s":[29]},{"i":{"x":[0],"y":[1]},"o":{"x":[1],"y":[0]},"t":17.939,"s":[0]},{"i":{"x":[0],"y":[1]},"o":{"x":[1],"y":[0]},"t":22.47,"s":[29]},{"t":27,"s":[0]}],"ix":6},"o":{"a":0,"k":100,"ix":7},"sk":{"a":0,"k":0,"ix":4},"sa":{"a":0,"k":0,"ix":5},"nm":"Transform"}],"nm":"Group 1","np":3,"cix":2,"bm":0,"ix":3,"mn":"ADBE Vector Group","hd":false},{"ty":"mm","mm":2,"nm":"Merge Paths 1","mn":"ADBE Vector Filter - Merge","hd":false},{"ty":"fl","c":{"a":0,"k":[1,1,1,1],"ix":4},"o":{"a":0,"k":100,"ix":5},"r":1,"bm":0,"nm":"Fill 1","mn":"ADBE Vector Graphic - Fill","hd":false}],"ip":0,"op":250,"st":0,"bm":0}]}],"layers":[{"ddd":0,"ind":1,"ty":0,"nm":"Twitter","parent":2,"refId":"comp_0","sr":1,"ks":{"o":{"a":0,"k":100,"ix":11},"r":{"a":0,"k":0,"ix":10},"p":{"a":0,"k":[0,0,0],"ix":2},"a":{"a":0,"k":[500,500,0],"ix":1},"s":{"a":0,"k":[125,125,100],"ix":6}},"ao":0,"w":1000,"h":1000,"ip":7,"op":250,"st":7,"bm":0},{"ddd":0,"ind":2,"ty":4,"nm":"Plane","sr":1,"ks":{"o":{"a":0,"k":100,"ix":11},"r":{"a":0,"k":0,"ix":10},"p":{"a":0,"k":[256,256,0],"ix":2},"a":{"a":0,"k":[0,0,0],"ix":1},"s":{"a":0,"k":[25,25,100],"ix":6}},"ao":0,"shapes":[{"ty":"gr","it":[{"ty":"rc","d":1,"s":{"a":1,"k":[{"i":{"x":[0.228,0.228],"y":[1,1]},"o":{"x":[0.333,0.333],"y":[0,0]},"t":0,"s":[0,0]},{"i":{"x":[0.667,0.667],"y":[1,1]},"o":{"x":[0.333,0.333],"y":[0,0]},"t":13,"s":[1576,1576]},{"t":25,"s":[1500,1500]}],"ix":2},"p":{"a":0,"k":[0,0],"ix":3},"r":{"a":0,"k":200,"ix":4},"nm":"Rectangle Path 1","mn":"ADBE Vector Shape - Rect","hd":false},{"ty":"fl","c":{"a":0,"k":[0.219607843137,0.709803921569,0.992156862745,1],"ix":4},"o":{"a":0,"k":100,"ix":5},"r":1,"bm":0,"nm":"Fill 1","mn":"ADBE Vector Graphic - Fill","hd":false},{"ty":"tr","p":{"a":0,"k":[0,0],"ix":2},"a":{"a":0,"k":[0,0],"ix":1},"s":{"a":0,"k":[100,100],"ix":3},"r":{"a":0,"k":0,"ix":6},"o":{"a":0,"k":100,"ix":7},"sk":{"a":0,"k":0,"ix":4},"sa":{"a":0,"k":0,"ix":5},"nm":"Transform"}],"nm":"Rectangle 1","np":2,"cix":2,"bm":0,"ix":1,"mn":"ADBE Vector Group","hd":false}],"ip":0,"op":75,"st":0,"bm":0}],"markers":[]}