{"v":"5.5.9","fr":25,"ip":0,"op":75,"w":512,"h":512,"nm":"Whatsapp","ddd":0,"assets":[{"id":"comp_0","layers":[{"ddd":0,"ind":1,"ty":4,"nm":"WhatsApp_icon","sr":1,"ks":{"o":{"a":0,"k":100,"ix":11},"r":{"a":0,"k":0,"ix":10},"p":{"a":0,"k":[500,500,0],"ix":2},"a":{"a":0,"k":[0,0,0],"ix":1},"s":{"a":0,"k":[80,80,100],"ix":6}},"ao":0,"shapes":[{"ty":"gr","it":[{"ind":0,"ty":"sh","ix":1,"ks":{"a":0,"k":{"i":[[7,0],[12.624,-10.835],[0,-50.775],[0,0],[-60,-36],[-27.5,-4],[-23,32],[0,0],[7.75,4.25],[14.25,3.75],[0,0],[8.25,-5.25],[0,0],[40,41.5],[3.5,12.5],[0,0],[-3,7.25],[1.75,6.25],[0,0],[11.25,0]],"o":[[-2.692,0],[-20.203,17.341],[0,80],[0,0],[60,36],[27.5,4],[23,-32],[0,0],[-7.75,-4.25],[-14.25,-3.75],[0,0],[-7.25,2.25],[0,0],[-40,-41.5],[-1.5,-7],[0,0],[3,-7.25],[-1.75,-6.25],[0,0],[-11.25,0]],"v":[[-153.75,-241.75],[-176.65,-230.674],[-224.5,-125.5],[-157,34],[-35.5,158],[126,225],[235.5,181.5],[254,112],[242.5,101.75],[142.5,50.25],[122.75,57],[77.75,108.75],[61.5,109],[-41,40],[-104,-51.5],[-94.5,-67.5],[-64.5,-103],[-62.25,-125.75],[-98.5,-221.5],[-114.75,-239.5]],"c":true},"ix":2},"nm":"Path 1","mn":"ADBE Vector Shape - Group","hd":false},{"ty":"fl","c":{"a":0,"k":[1,1,1,1],"ix":4},"o":{"a":0,"k":100,"ix":5},"r":1,"bm":0,"nm":"Fill 1","mn":"ADBE Vector Graphic - Fill","hd":false},{"ty":"tr","p":{"a":0,"k":[0,0],"ix":2},"a":{"a":0,"k":[0,0],"ix":1},"s":{"a":1,"k":[{"i":{"x":[0,0],"y":[1,1]},"o":{"x":[0.333,0.333],"y":[0,0]},"t":15,"s":[0,0]},{"t":25,"s":[100,100]}],"ix":3},"r":{"a":1,"k":[{"i":{"x":[0.833],"y":[0.9]},"o":{"x":[0.167],"y":[0.167]},"t":14,"s":[90]},{"i":{"x":[0.833],"y":[0.968]},"o":{"x":[0.167],"y":[-0.163]},"t":23,"s":[-13]},{"i":{"x":[0.833],"y":[0.968]},"o":{"x":[0.167],"y":[-0.051]},"t":26,"s":[8]},{"i":{"x":[0.833],"y":[0.969]},"o":{"x":[0.167],"y":[-0.052]},"t":29,"s":[-5]},{"i":{"x":[0.833],"y":[0.967]},"o":{"x":[0.167],"y":[-0.05]},"t":32,"s":[3]},{"i":{"x":[0.833],"y":[0.972]},"o":{"x":[0.167],"y":[-0.056]},"t":35,"s":[-2]},{"i":{"x":[0.833],"y":[0.964]},"o":{"x":[0.167],"y":[-0.042]},"t":38,"s":[1]},{"i":{"x":[0.833],"y":[0.833]},"o":{"x":[0.167],"y":[-0.095]},"t":41,"s":[-1]},{"t":45,"s":[0]}],"ix":6},"o":{"a":0,"k":100,"ix":7},"sk":{"a":0,"k":0,"ix":4},"sa":{"a":0,"k":0,"ix":5},"nm":"Transform"}],"nm":"Phone_01","np":2,"cix":2,"bm":0,"ix":1,"mn":"ADBE Vector Group","hd":false},{"ty":"gr","it":[{"ty":"gr","it":[{"ind":0,"ty":"sh","ix":1,"ks":{"a":1,"k":[{"i":{"x":0.25,"y":1},"o":{"x":0.333,"y":0},"t":5,"s":[{"i":[[-289.673,0],[0,-289.673],[289.673,0],[80.914,51.055],[27.024,26.155],[20.651,30.679],[0,108.31]],"o":[[289.673,0],[0,289.673],[-102.746,0],[-30.598,-19.307],[-27.656,-26.767],[-56.252,-83.566],[0,-289.673]],"v":[[0,-524.5],[524.5,0],[0,524.5],[-277.218,445.427],[-364.42,376.464],[-437.706,289.47],[-524.5,0]],"c":true}]},{"t":24,"s":[{"i":[[-237.483,0],[0,-237.482],[237.482,0],[66.335,41.856],[0,0],[-7.031,22.81],[0,88.796]],"o":[[237.482,0],[0,237.482],[-84.234,0],[-19.229,5.577],[0,0],[-46.117,-68.51],[0,-237.482]],"v":[[0,-430],[430,0],[0,430],[-227.271,365.173],[-415.63,424.268],[-358.844,237.315],[-430,0]],"c":true}]}],"ix":2},"nm":"Path 1","mn":"ADBE Vector Shape - Group","hd":false},{"ty":"tr","p":{"a":0,"k":[9,-12],"ix":2},"a":{"a":0,"k":[0,0],"ix":1},"s":{"a":0,"k":[100,100],"ix":3},"r":{"a":0,"k":0,"ix":6},"o":{"a":0,"k":100,"ix":7},"sk":{"a":0,"k":0,"ix":4},"sa":{"a":0,"k":0,"ix":5},"nm":"Transform"}],"nm":"Ellipse 1","np":1,"cix":2,"bm":0,"ix":1,"mn":"ADBE Vector Group","hd":false},{"ty":"st","c":{"a":0,"k":[1,1,1,1],"ix":3},"o":{"a":0,"k":100,"ix":4},"w":{"a":1,"k":[{"i":{"x":[0.235],"y":[1]},"o":{"x":[0.333],"y":[0]},"t":7,"s":[0]},{"t":26,"s":[85]}],"ix":5},"lc":2,"lj":2,"bm":0,"nm":"Stroke 1","mn":"ADBE Vector Graphic - Stroke","hd":false},{"ty":"tr","p":{"a":0,"k":[9,-11.677],"ix":2},"a":{"a":0,"k":[9,-11.677],"ix":1},"s":{"a":0,"k":[100,100],"ix":3},"r":{"a":0,"k":0,"ix":6},"o":{"a":0,"k":100,"ix":7},"sk":{"a":0,"k":0,"ix":4},"sa":{"a":0,"k":0,"ix":5},"nm":"Transform"}],"nm":"Form_01","np":2,"cix":2,"bm":0,"ix":2,"mn":"ADBE Vector Group","hd":false}],"ip":0,"op":250,"st":0,"bm":0}]}],"layers":[{"ddd":0,"ind":1,"ty":0,"nm":"Whatsapp","parent":2,"refId":"comp_0","sr":1,"ks":{"o":{"a":0,"k":100,"ix":11},"r":{"a":0,"k":0,"ix":10},"p":{"a":0,"k":[0,0,0],"ix":2},"a":{"a":0,"k":[500,500,0],"ix":1},"s":{"a":0,"k":[125,125,100],"ix":6}},"ao":0,"w":1000,"h":1000,"ip":7,"op":250,"st":7,"bm":0},{"ddd":0,"ind":2,"ty":4,"nm":"Plane","sr":1,"ks":{"o":{"a":0,"k":100,"ix":11},"r":{"a":0,"k":0,"ix":10},"p":{"a":0,"k":[256,256,0],"ix":2},"a":{"a":0,"k":[0,0,0],"ix":1},"s":{"a":0,"k":[25,25,100],"ix":6}},"ao":0,"shapes":[{"ty":"gr","it":[{"ty":"rc","d":1,"s":{"a":1,"k":[{"i":{"x":[0.228,0.228],"y":[1,1]},"o":{"x":[0.333,0.333],"y":[0,0]},"t":0,"s":[0,0]},{"i":{"x":[0.667,0.667],"y":[1,1]},"o":{"x":[0.333,0.333],"y":[0,0]},"t":13,"s":[1576,1576]},{"t":25,"s":[1500,1500]}],"ix":2},"p":{"a":0,"k":[0,0],"ix":3},"r":{"a":0,"k":200,"ix":4},"nm":"Rectangle Path 1","mn":"ADBE Vector Shape - Rect","hd":false},{"ty":"fl","c":{"a":0,"k":[0.345098039216,0.811764705882,0.396078431373,1],"ix":4},"o":{"a":0,"k":100,"ix":5},"r":1,"bm":0,"nm":"Fill 1","mn":"ADBE Vector Graphic - Fill","hd":false},{"ty":"tr","p":{"a":0,"k":[0,0],"ix":2},"a":{"a":0,"k":[0,0],"ix":1},"s":{"a":0,"k":[100,100],"ix":3},"r":{"a":0,"k":0,"ix":6},"o":{"a":0,"k":100,"ix":7},"sk":{"a":0,"k":0,"ix":4},"sa":{"a":0,"k":0,"ix":5},"nm":"Transform"}],"nm":"Rectangle 1","np":2,"cix":2,"bm":0,"ix":1,"mn":"ADBE Vector Group","hd":false}],"ip":0,"op":75,"st":0,"bm":0}],"markers":[]}